brand,product,color,instock,price,url
Scarpa,Vapor V Climbing Shoe - Women&apos;s,Dahlia/Aqua,True,129.32,https://www.backcountry.com/scarpa-vapor-v-climbing-shoe-womens
La Sportiva,Otaki Climbing Shoe - Women&apos;s,Sulphur/Coral,True,135.85,https://www.backcountry.com/la-sportiva-otaki-climbing-shoe-womens-lsp008w
La Sportiva,Katana Lace Vibram XS Edge Climbing Shoe,Yellow/Black,True,142.35,https://www.backcountry.com/la-sportiva-katana-lace-vibram-xs-edge-climbing-shoe-lspz2fn
Five Ten,Kirigami Climbing Shoe,Onix/Black/Solar Red,True,75,https://www.backcountry.com/five-ten-kirigami-climbing-shoe
Scarpa,Reflex VS Climbing Shoe - Men&apos;s,Tonic/Black,True,98.95,https://www.backcountry.com/scarpa-reflex-vs-climbing-shoe-mens
Scarpa,Instinct VSR Climbing Shoe,Black/Azure,True,208.95,https://www.backcountry.com/scarpa-instinct-vsr-climbing-shoe
Five Ten,Niad Moccasym Climbing Shoe,Core Black/Core Black/Matte Silver,True,93.75,https://www.backcountry.com/five-ten-niad-moccasym-climbing-shoe
La Sportiva,Solution Climbing Shoe,White/Yellow,True,199,https://www.backcountry.com/la-sportiva-solution-climbing-shoe
La Sportiva,Solution Comp Climbing Shoe - Women&apos;s,Hibiscus/Malibu Blue,True,209,https://www.backcountry.com/la-sportiva-solution-comp-climbing-shoe-womens
Five Ten,Hiangle Climbing Shoe - Men&apos;s,White/Black/Signal Green,True,120,https://www.backcountry.com/five-ten-hiangle-climbing-shoe
Evolv,Defy Climbing Shoe,Gray/Black,True,109,https://www.backcountry.com/evolv-defy-climbing-shoe
La Sportiva,Miura Climbing Shoe - Women&apos;s,White/Jade Green,True,122.85,https://www.backcountry.com/la-sportiva-miura-vibram-xs-grip2-climbing-shoe-womens-lsp00gt
La Sportiva,Tarantulace Climbing Shoe - Women&apos;s,Topaz/Red Plum,True,89,https://www.backcountry.com/la-sportiva-tarantulace-climbing-shoe-womens
Black Diamond,Momentum Climbing Shoe - Men&apos;s,Black/Anthracite,True,99.95,https://www.backcountry.com/black-diamond-momentum-climbing-shoe-mens
Evolv,Zenist Climbing Shoe - Women&apos;s,White/Teal/Black,True,89.5,https://www.backcountry.com/evolv-zenist-climbing-shoe-womens
Black Diamond,Momentum Climbing Shoe - Men&apos;s,White/Black,True,99.95,https://www.backcountry.com/black-diamond-momentum-climbing-shoe-mens
Butora,Acro Climbing Shoe - Tight Fit,Blue,True,132.96,https://www.backcountry.com/butora-acro-climbing-shoe-tight-fit
La Sportiva,Tarantula Climbing Shoe - Women&apos;s,Red Plum,True,99,https://www.backcountry.com/la-sportiva-tarantula-climbing-shoe-womens
Scarpa,Instinct VS Climbing Shoe - Men&apos;s,Black/Orange,True,208.95,https://www.backcountry.com/scarpa-instinct-vs-climbing-shoe-vibram-xs-edge
La Sportiva,Ondra Comp Climbing Shoe - Men&apos;s,Black/Yellow,True,219,https://www.backcountry.com/la-sportiva-ondra-comp-climbing-shoe-mens
Scarpa,Booster Climbing Shoe,Black/Orange,True,153.26,https://www.backcountry.com/scarpa-booster-climbing-shoe
Mad Rock,Drone Comp Series Low Volume Climbing Shoe,Tan/Rose Red/Aqua,True,111.71,https://www.backcountry.com/mad-rock-drone-comp-series-low-volume-climbing-shoe
Butora,Komet Wide Fit Climbing Shoe,Yellow,True,76.96,https://www.backcountry.com/butora-komet-wide-fit-climbing-shoe
Butora,Acro Wide Fit Climbing Shoe,Orange,True,132.96,https://www.backcountry.com/butora-acro-climbing-shoe-wide-fit-bta0001
Mad Rock,Drone Low Volume 2.0 Climbing Shoe,Green/Yellow/Black,True,104.21,https://www.backcountry.com/mad-rock-drone-low-volume-climbing-shoe
Butora,Gomi Wide Fit Climbing Shoe,Seagrass,True,122.46,https://www.backcountry.com/butora-gomi-wide-fit-climbing-shoe
Butora,Brava Climbing Shoe - Kids&apos;,Black,True,41.96,https://www.backcountry.com/butora-brava-climbing-shoe-kids
Evolv,Geshido Lace Climbing Shoe - Women&apos;s,White/Coral/Black,True,78.75,https://www.backcountry.com/evolv-geshido-lace-climbing-shoe-womens
Mad Rock,Drone Comp Series High Volume Climbing Shoe,Tan/Rose Red/Aqua,True,111.71,https://www.backcountry.com/mad-rock-drone-comp-series-high-volume-climbing-shoe
Black Diamond,Momentum Lace Climbing Shoe,Black/Anthracite,True,99.95,https://www.backcountry.com/black-diamond-momentum-lace-climbing-shoe-mens
Black Diamond,Shadow Climbing Shoe,Black,True,104.47,https://www.backcountry.com/black-diamond-shadow-climbing-shoe
Scarpa,Instinct VSR LV Climbing Shoe,Black/Violet,True,208.95,https://www.backcountry.com/scarpa-instinct-vsr-lv-climbing-shoe
Mad Rock,Mad Monkey III Climbing Shoe - Kids&apos;,White/Grape/Teal Blue,True,29.21,https://www.backcountry.com/mad-rock-mad-monkey-iii-climbing-shoe-kids
Scarpa,Force V Climbing Shoe - Women&apos;s,Ice Fall/Mandarin Red,True,92.92,https://www.backcountry.com/scarpa-force-x-climbing-shoe-vibram-xs-edge-womens
Evolv,Zenist Climbing Shoe,Black/White,True,98.45,https://www.backcountry.com/evolv-zenist-climbing-shoe-evlz03k
Red Chili,Voltage Lace Climbing Shoe,Wasabi,True,89.98,https://www.backcountry.com/red-chili-voltage-lace-climbing-shoe
Scarpa,Reflex V Climbing Shoe,Black/Flame,True,71.37,https://www.backcountry.com/scarpa-reflex-v-climbing-shoe
Scarpa,Quantic Climbing Shoe,Dust Grey/Mango,True,110.97,https://www.backcountry.com/scarpa-quantic-climbing-shoe
La Sportiva,Tarantulace Climbing Shoe,Olive/Tiger,True,89,https://www.backcountry.com/la-sportiva-tarantulace-climbing-shoe
Scarpa,Reflex V Climbing Shoe - Women&apos;s,Black/Ceramic,True,65.42,https://www.backcountry.com/scarpa-reflex-v-climbing-shoe-womens
Scarpa,Vapor V Climbing Shoe,Ocean/Yellow,True,139.26,https://www.backcountry.com/scarpa-vapor-v-climbing-shoe-mens-xs-edge-scr008r
Mad Rock,Drone High Volume 2.0 Climbing Shoe,Blue/Yellow/Black,True,104.21,https://www.backcountry.com/mad-rock-drone-high-volume-climbing-shoe
Scarpa,Force V Climbing Shoe,Mangrove/Papaya,True,92.92,https://www.backcountry.com/scarpa-force-x-climbing-shoe-vibram-xs-edge-mens
